{
    "BERT": {
        "Precision": 1.0,
        "Recall": 0.7310708861389836,
        "F1 Score": 0.844645810859403,
        "Time": 369.51020216941833
    },
    "DistilBERT": {
        "Precision": 1.0,
        "Recall": 0.7315688569080995,
        "F1 Score": 0.844978071752103,
        "Time": 213.1630449295044
    },
    "RoBERTa": {
        "Precision": 1.0,
        "Recall": 0.5061499389985807,
        "F1 Score": 0.6721109577378639,
        "Time": 1200.9636182785034
    }
}