{
    "BERT": {
        "Source": "dslim/bert-base-NER",
        "Accuracy": 0.7309712919851604,
        "Precision": 1.0,
        "Recall": 0.7309712919851604,
        "F1 Score": 0.84457933574028,
        "Time": 387.4021997451782
    },
    "DistilBERT": {
        "Source": "dslim/distilbert-NER",
        "Accuracy": 0.7314692627542764,
        "Precision": 1.0,
        "Recall": 0.7314692627542764,
        "F1 Score": 0.8449116348628867,
        "Time": 237.84309792518616
    },
    "RoBERTa1": {
        "Source": "MMG/roberta-base-ner-english",
        "Accuracy": 0.7314194656773647,
        "Precision": 1.0,
        "Recall": 0.7314194656773647,
        "F1 Score": 0.8448784135521075,
        "Time": 465.8969819545746
    },
    "RoBERTa2": {
        "Source": "51la5/roberta-large-NER",
        "Accuracy": 0.6518437367726514,
        "Precision": 1.0,
        "Recall": 0.6518437367726514,
        "F1 Score": 0.7892317200006029,
        "Time": 1266.1026029586792
    },
    "RoBERTa3": {
        "Source": "FacebookAI/xlm-roberta-large-finetuned-conll03-english",
        "Accuracy": 0.6518437367726514,
        "Precision": 1.0,
        "Recall": 0.6518437367726514,
        "F1 Score": 0.7892317200006029,
        "Time": 1258.5618641376495
    },
    "ALBERT1": {
        "Source": "ArBert/albert-base-v2-finetuned-ner",
        "Accuracy": 0.7187212110649105,
        "Precision": 1.0,
        "Recall": 0.7187212110649105,
        "F1 Score": 0.8363441452143303,
        "Time": 488.56619024276733
    },
    "ALBERT2": {
        "Source": "Jorgeutd/albert-base-v2-finetuned-ner",
        "Accuracy": 0.7282075542165675,
        "Precision": 1.0,
        "Recall": 0.7282075542165675,
        "F1 Score": 0.842731594871056,
        "Time": 498.6487970352173
    }
}