{
    "BERT": {
        "Accuracy": 0.8357615894039735,
        "Time": 1956.3418271541595
    },
    "DistilBERT": {
        "Accuracy": 0.8357615894039735,
        "Time": 2095.6991159915924
    },
    "AlBERT": {
        "Accuracy": 0.8357615894039735,
        "Time": 1911.0766718387604
    },
    "RoBERTa": {
        "Accuracy": 0.8357615894039735,
        "Time": 2019.4319882392883
    }
}