{
    "N": 3000,
    "train_annotated": {
        "accuracy": 0.8763437357482572,
        "exact_matches": {
            "count": 43597,
            "percent": 0.7100951202032706
        },
        "approx_matches": {
            "count": 10207,
            "percent": 0.16624861554498666
        },
        "mismatches": {
            "count": 7592,
            "percent": 0.12365626425174278
        }
    },
    "train_distant": {
        "accuracy": 0.8809135130678539,
        "exact_matches": {
            "count": 41876,
            "percent": 0.690510347101987
        },
        "approx_matches": {
            "count": 11547,
            "percent": 0.19040316596586693
        },
        "mismatches": {
            "count": 7222,
            "percent": 0.1190864869321461
        }
    },
    "total": {
        "accuracy": 0.8786145639580141,
        "exact_matches": {
            "count": 85473,
            "percent": 0.7003629927647266
        },
        "approx_matches": {
            "count": 21754,
            "percent": 0.1782515711932875
        },
        "mismatches": {
            "count": 14814,
            "percent": 0.12138543604198589
        }
    }
}