{
    "number_of_instances": 10,
    "train_annotated": {
        "exact_match": {
            "count": 127,
            "percentage": 0.2668067226890756,
            "accuracy": 0.5336134453781513,
            "precision": 0.7298850574712644,
            "recall": 0.5336134453781513,
            "f1_score": 0.616504854368932
        },
        "approximate_match": {
            "count": 153,
            "percentage": 0.32142857142857145,
            "accuracy": 0.7671232876712328,
            "precision": 0.9120521172638436,
            "recall": 0.7671232876712328,
            "f1_score": 0.8333333333333333
        },
        "non-match": {
            "count": 196,
            "percentage": 0.4117647058823529
        }
    },
    "train_distant": {
        "exact_match": {
            "count": 142,
            "percentage": 0.3008474576271186,
            "accuracy": 0.6016949152542372,
            "precision": 0.7513227513227513,
            "recall": 0.6016949152542372,
            "f1_score": 0.6682352941176469
        },
        "approximate_match": {
            "count": 171,
            "percentage": 0.3622881355932203,
            "accuracy": 0.828042328042328,
            "precision": 0.9098837209302325,
            "recall": 0.828042328042328,
            "f1_score": 0.8670360110803323
        },
        "non-match": {
            "count": 159,
            "percentage": 0.336864406779661
        }
    },
    "total": {
        "exact_match": {
            "count": 269,
            "percentage": 0.28375527426160335,
            "accuracy": 0.5675105485232067,
            "precision": 0.7410468319559229,
            "recall": 0.5675105485232067,
            "f1_score": 0.6427718040621268
        },
        "approximate_match": {
            "count": 324,
            "percentage": 0.34177215189873417,
            "accuracy": 0.7981157469717362,
            "precision": 0.9109062980030722,
            "recall": 0.7981157469717362,
            "f1_score": 0.8507890961262553
        },
        "non-match": {
            "count": 355,
            "percentage": 0.3744725738396624
        }
    }
}