{
    "number_of_instances": 10,
    "train_annotated": {
        "exact_match": {
            "count": 156,
            "percentage": 0.3046875,
            "accuracy": 0.609375,
            "precision": 0.7428571428571429,
            "recall": 0.609375,
            "f1_score": 0.6695278969957081
        },
        "approximate_match": {
            "count": 177,
            "percentage": 0.345703125,
            "accuracy": 0.808252427184466,
            "precision": 0.9353932584269663,
            "recall": 0.808252427184466,
            "f1_score": 0.8671875
        },
        "non-match": {
            "count": 179,
            "percentage": 0.349609375
        }
    },
    "train_distant": {
        "exact_match": {
            "count": 139,
            "percentage": 0.3088888888888889,
            "accuracy": 0.6177777777777778,
            "precision": 0.6915422885572139,
            "recall": 0.6177777777777778,
            "f1_score": 0.6525821596244131
        },
        "approximate_match": {
            "count": 179,
            "percentage": 0.3977777777777778,
            "accuracy": 0.8736263736263736,
            "precision": 0.8907563025210085,
            "recall": 0.8736263736263736,
            "f1_score": 0.8821081830790569
        },
        "non-match": {
            "count": 132,
            "percentage": 0.29333333333333333
        }
    },
    "total": {
        "exact_match": {
            "count": 295,
            "percentage": 0.30665280665280664,
            "accuracy": 0.6133056133056133,
            "precision": 0.7177615571776156,
            "recall": 0.6133056133056133,
            "f1_score": 0.6614349775784754
        },
        "approximate_match": {
            "count": 356,
            "percentage": 0.3700623700623701,
            "accuracy": 0.8389175257731959,
            "precision": 0.9130434782608695,
            "recall": 0.8389175257731959,
            "f1_score": 0.8744123572867696
        },
        "non-match": {
            "count": 311,
            "percentage": 0.3232848232848233
        }
    }
}