{
    "BERT": {
        "Accuracy": 0.8357615894039735,
        "Time": 2028.9061119556427
    },
    "DistilBERT": {
        "Accuracy": 0.7664143803216651,
        "Time": 364.1277129650116
    },
    "RoBERTa": {
        "Accuracy": 0.8210028382213813,
        "Time": 665.8286826610565
    }
}