{
    "number_of_instances": 3000,
    "train_annotated": {
        "exact_match": {
            "count": 43637,
            "percentage": 0.27941270634036397,
            "accuracy": 0.5588254126807279,
            "precision": 0.7168648968326982,
            "recall": 0.5588254126807279,
            "f1_score": 0.6280557574536375
        },
        "approximate_match": {
            "count": 53958,
            "percentage": 0.34549925083560645,
            "accuracy": 0.8017728631987119,
            "precision": 0.9049142327306444,
            "recall": 0.8017728631987119,
            "f1_score": 0.8502269420753221
        },
        "non-match": {
            "count": 24129,
            "percentage": 0.15450074916439357
        }
    },
    "train_distant": {
        "exact_match": {
            "count": 42356,
            "percentage": 0.2833480506274919,
            "accuracy": 0.5666961012549838,
            "precision": 0.7030274863895897,
            "recall": 0.5666961012549838,
            "f1_score": 0.6275427809467369
        },
        "approximate_match": {
            "count": 53923,
            "percentage": 0.3607275695057665,
            "accuracy": 0.82220874822798,
            "precision": 0.8965109457785889,
            "recall": 0.82220874822798,
            "f1_score": 0.8577537629570896
        },
        "non-match": {
            "count": 20819,
            "percentage": 0.1392724304942335
        }
    },
    "total": {
        "exact_match": {
            "count": 85993,
            "percentage": 0.2813373116358806,
            "accuracy": 0.5626746232717612,
            "precision": 0.7099818361955086,
            "recall": 0.5626746232717612,
            "f1_score": 0.6278029852271773
        },
        "approximate_match": {
            "count": 107881,
            "percentage": 0.3529467574871261,
            "accuracy": 0.8117928834027016,
            "precision": 0.9007215101071812,
            "recall": 0.8117928834027016,
            "f1_score": 0.8539482232719985
        },
        "non-match": {
            "count": 44948,
            "percentage": 0.14705324251287386
        }
    }
}