{
    "number_of_instances": 3000,
    "train_annotated": {
        "exact_match": {
            "count": 43652,
            "percentage": 0.2796054317191904,
            "accuracy": 0.5592108634383808,
            "precision": 0.7173234298484898,
            "recall": 0.5592108634383808,
            "f1_score": 0.6284751716889586
        },
        "approximate_match": {
            "count": 53952,
            "percentage": 0.3455803228285934,
            "accuracy": 0.8019258577625871,
            "precision": 0.9050396402243961,
            "recall": 0.8019258577625871,
            "f1_score": 0.8503683181083566
        },
        "non-match": {
            "count": 24108,
            "percentage": 0.15441967717140662
        }
    },
    "train_distant": {
        "exact_match": {
            "count": 42024,
            "percentage": 0.2805490279854732,
            "accuracy": 0.5610980559709464,
            "precision": 0.6968114211809183,
            "recall": 0.5610980559709464,
            "f1_score": 0.6216338153174809
        },
        "approximate_match": {
            "count": 53738,
            "percentage": 0.35875080111087376,
            "accuracy": 0.8190386589120766,
            "precision": 0.8959600306880485,
            "recall": 0.8190386589120766,
            "f1_score": 0.8557743004977614
        },
        "non-match": {
            "count": 21158,
            "percentage": 0.14124919888912627
        }
    },
    "total": {
        "exact_match": {
            "count": 85676,
            "percentage": 0.2800674703836397,
            "accuracy": 0.5601349407672794,
            "precision": 0.707113557769286,
            "recall": 0.5601349407672794,
            "f1_score": 0.6251007773995966
        },
        "approximate_match": {
            "count": 107690,
            "percentage": 0.35202934177148987,
            "accuracy": 0.8103104361527372,
            "precision": 0.9005201954109171,
            "recall": 0.8103104361527372,
            "f1_score": 0.8530369971700131
        },
        "non-match": {
            "count": 45266,
            "percentage": 0.14797065822851016
        }
    }
}